datetime,instrument,name,score,rank
2025-07-04,000001.SZ,,1.194607607406184,1.0
2025-07-04,600519.SH,,0.8870557643596418,2.0
2025-07-04,600276.SH,,0.7342141943702053,3.0
2025-07-04,601318.SH,,0.570391466826671,4.0
2025-07-04,600036.SH,,0.544008467969069,5.0
2025-07-04,000568.SZ,,0.4872386959284578,6.0
2025-07-04,600030.SH,,0.46574071850789,7.0
2025-07-04,601012.SH,,0.32341659093756087,8.0
2025-07-04,601398.SH,,0.27566612268190754,9.0
2025-07-04,603259.SH,,0.18960716343129314,10.0
2025-07-04,000333.SZ,,0.1659544920129324,11.0
2025-07-04,601166.SH,,0.0953801619802961,12.0
2025-07-04,000858.SZ,,0.09032724404311458,13.0
2025-07-04,600585.SH,,0.056054208214896824,14.0
2025-07-04,600809.SH,,0.026339760286441256,15.0
2025-07-04,601888.SH,,-0.20814413970465157,16.0
2025-07-04,600900.SH,,-0.360313441368051,17.0
2025-07-04,002415.SZ,,-0.7806393467638204,18.0
2025-07-04,002594.SZ,,-2.3296360215690144,19.0
2025-07-04,300750.SZ,,-2.4272697095510245,20.0
2025-07-11,600036.SH,,1.1510569144921652,1.0
2025-07-11,601166.SH,,1.0986100918385182,2.0
2025-07-11,600276.SH,,1.0803240566756416,3.0
2025-07-11,000568.SZ,,0.7092408225219803,4.0
2025-07-11,000001.SZ,,0.6533123807244713,5.0
2025-07-11,601398.SH,,0.5919186541388761,6.0
2025-07-11,600900.SH,,0.39704075224117674,7.0
2025-07-11,000333.SZ,,0.1954340757366938,8.0
2025-07-11,600585.SH,,0.04987148944833511,9.0
2025-07-11,601012.SH,,0.03568199523068455,10.0
2025-07-11,002415.SZ,,-0.014702407110464201,11.0
2025-07-11,600519.SH,,-0.18632373331615437,12.0
2025-07-11,601888.SH,,-0.20365612109732864,13.0
2025-07-11,601318.SH,,-0.23419036398333684,14.0
2025-07-11,600809.SH,,-0.3509768855650121,15.0
2025-07-11,000858.SZ,,-0.43905734284335585,16.0
2025-07-11,300750.SZ,,-0.4747794511893163,17.0
2025-07-11,002594.SZ,,-1.1225319306853163,18.0
2025-07-11,600030.SH,,-1.1994769251258208,19.0
2025-07-11,603259.SH,,-1.7367960721324365,20.0
2025-07-18,601012.SH,,1.390149827834909,1.0
2025-07-18,600585.SH,,1.0658302771804622,2.0
2025-07-18,600036.SH,,0.7998403542899633,3.0
2025-07-18,002594.SZ,,0.5413887390540995,4.0
2025-07-18,600030.SH,,0.4901073789863087,5.0
2025-07-18,601888.SH,,0.39422161646203885,6.0
2025-07-18,600900.SH,,0.3644546288493445,7.0
2025-07-18,000858.SZ,,0.2286543436332441,8.0
2025-07-18,000333.SZ,,0.19012553420288159,9.0
2025-07-18,002415.SZ,,0.11407380155328874,10.0
2025-07-18,600809.SH,,-0.11680176980703726,11.0
2025-07-18,600519.SH,,-0.20394325240811842,12.0
2025-07-18,603259.SH,,-0.23537710123989514,13.0
2025-07-18,000568.SZ,,-0.305602789198144,14.0
2025-07-18,300750.SZ,,-0.3118829032326693,15.0
2025-07-18,601318.SH,,-0.3908440027353562,16.0
2025-07-18,601166.SH,,-0.5115426779062967,17.0
2025-07-18,601398.SH,,-0.6909919534341515,18.0
2025-07-18,600276.SH,,-1.3583262638441156,19.0
2025-07-18,000001.SZ,,-1.4535337882407549,20.0
2025-07-25,603259.SH,,2.93534012581902,1.0
2025-07-25,600276.SH,,1.4665396450370707,2.0
2025-07-25,000858.SZ,,0.5419323673423422,3.0
2025-07-25,000568.SZ,,0.4878510402929596,4.0
2025-07-25,601318.SH,,0.43172722243911704,5.0
2025-07-25,002415.SZ,,0.3174899481339293,6.0
2025-07-25,600030.SH,,0.25434621407893165,7.0
2025-07-25,000333.SZ,,-0.006508817658185909,8.0
2025-07-25,601012.SH,,-0.12235103817602995,9.0
2025-07-25,600809.SH,,-0.1543277498488593,10.0
2025-07-25,600519.SH,,-0.17434355305694096,11.0
2025-07-25,300750.SZ,,-0.18231380404624625,12.0
2025-07-25,601398.SH,,-0.2672047960476735,13.0
2025-07-25,600036.SH,,-0.34591958066519635,14.0
2025-07-25,002594.SZ,,-0.4991299124687704,15.0
2025-07-25,600900.SH,,-0.5344852086591244,16.0
2025-07-25,601166.SH,,-0.6307939727700237,17.0
2025-07-25,000001.SZ,,-0.7412624288711311,18.0
2025-07-25,601888.SH,,-1.3568100271878452,19.0
2025-07-25,600585.SH,,-1.4197756736873437,20.0
2025-08-01,601888.SH,,2.2591130380857223,1.0
2025-08-01,000568.SZ,,0.7478209414399428,2.0
2025-08-01,601398.SH,,0.6899353745359018,3.0
2025-08-01,000858.SZ,,0.5138544672966077,4.0
2025-08-01,600809.SH,,0.4073075385798978,5.0
2025-08-01,601318.SH,,0.3686210217487666,6.0
2025-08-01,600030.SH,,0.31384479559522566,7.0
2025-08-01,002415.SZ,,0.15461737407500978,8.0
2025-08-01,600036.SH,,0.13957204025952527,9.0
2025-08-01,000333.SZ,,-0.0031911361020075107,10.0
2025-08-01,600900.SH,,-0.019148081251263743,11.0
2025-08-01,601166.SH,,-0.13936593720976553,12.0
2025-08-01,300750.SZ,,-0.21801791437217524,13.0
2025-08-01,601012.SH,,-0.23857105660021136,14.0
2025-08-01,600519.SH,,-0.2415198187320407,15.0
2025-08-01,000001.SZ,,-0.31940716946860703,16.0
2025-08-01,002594.SZ,,-0.3847031732458409,17.0
2025-08-01,600585.SH,,-0.8363420434421982,18.0
2025-08-01,600276.SH,,-1.0719879309989468,19.0
2025-08-01,603259.SH,,-2.122432330193542,20.0
2025-08-08,603259.SH,,2.582389801487067,1.0
2025-08-08,002415.SZ,,1.081775157553389,2.0
2025-08-08,600276.SH,,0.7674429530027091,3.0
2025-08-08,000568.SZ,,0.7372546536625351,4.0
2025-08-08,300750.SZ,,0.5650982580276784,5.0
2025-08-08,601398.SH,,0.3981155198067191,6.0
2025-08-08,002594.SZ,,0.39240911565419034,7.0
2025-08-08,601888.SH,,0.1182421059176986,8.0
2025-08-08,600585.SH,,0.10873786373416566,9.0
2025-08-08,600030.SH,,0.09494773308923415,10.0
2025-08-08,601318.SH,,0.05137818120253618,11.0
2025-08-08,600809.SH,,-0.313053702506338,12.0
2025-08-08,000333.SZ,,-0.3456767057718841,13.0
2025-08-08,000858.SZ,,-0.4208115015967473,14.0
2025-08-08,601166.SH,,-0.6824465928017691,15.0
2025-08-08,600900.SH,,-0.7598813118759208,16.0
2025-08-08,600519.SH,,-0.8127035958580061,17.0
2025-08-08,600036.SH,,-0.9089612059961952,18.0
2025-08-08,601012.SH,,-1.0945072375865177,19.0
2025-08-08,000001.SZ,,-1.559749489144544,20.0
2025-08-15,002415.SZ,,1.8576027589714477,1.0
2025-08-15,600276.SH,,1.287677090723651,2.0
2025-08-15,600585.SH,,0.9673760123666597,3.0
2025-08-15,000568.SZ,,0.8302204069931801,4.0
2025-08-15,601318.SH,,0.5845514917301905,5.0
2025-08-15,000858.SZ,,0.5802908641068478,6.0
2025-08-15,600809.SH,,0.39202338976530354,7.0
2025-08-15,002594.SZ,,0.3834001156092621,8.0
2025-08-15,601888.SH,,0.17462984846166887,9.0
2025-08-15,000333.SZ,,0.16129215673348263,10.0
2025-08-15,300750.SZ,,-0.2774847838195811,11.0
2025-08-15,600036.SH,,-0.2807863153598056,12.0
2025-08-15,600900.SH,,-0.3075411545149526,13.0
2025-08-15,601398.SH,,-0.3502345605724623,14.0
2025-08-15,601012.SH,,-0.38519741319973283,15.0
2025-08-15,600519.SH,,-0.4234167121731479,16.0
2025-08-15,601166.SH,,-0.746571232286279,17.0
2025-08-15,000001.SZ,,-1.1696957997533977,18.0
2025-08-15,600030.SH,,-1.2785586882582363,19.0
2025-08-15,603259.SH,,-1.999577475524099,20.0
2025-08-22,603259.SH,,1.2874650707439137,1.0
2025-08-22,000568.SZ,,1.2389445043821612,2.0
2025-08-22,600809.SH,,1.1717210370078615,3.0
2025-08-22,000858.SZ,,1.136454805693601,4.0
2025-08-22,601012.SH,,1.0057242782333171,5.0
2025-08-22,600585.SH,,0.9432880930215554,6.0
2025-08-22,300750.SZ,,0.7618792105136499,7.0
2025-08-22,601318.SH,,0.05530199030993041,8.0
2025-08-22,000333.SZ,,-0.05937554184397008,9.0
2025-08-22,002415.SZ,,-0.060637376450443384,10.0
2025-08-22,601888.SH,,-0.13188641252800723,11.0
2025-08-22,601398.SH,,-0.18856504492318826,12.0
2025-08-22,002594.SZ,,-0.3390791388239901,13.0
2025-08-22,600900.SH,,-0.3699229801729728,14.0
2025-08-22,601166.SH,,-0.6848111430918465,15.0
2025-08-22,600276.SH,,-0.6969662827024773,16.0
2025-08-22,600519.SH,,-1.041354426155137,17.0
2025-08-22,600030.SH,,-1.2991020338797152,18.0
2025-08-22,000001.SZ,,-1.3212907899039879,19.0
2025-08-22,600036.SH,,-1.4077878194302549,20.0
2025-08-29,600276.SH,,2.4099108998375454,1.0
2025-08-29,603259.SH,,2.206012261428271,2.0
2025-08-29,601012.SH,,0.8034207838576715,3.0
2025-08-29,600900.SH,,0.16190658434913213,4.0
2025-08-29,000333.SZ,,0.09968117633585277,5.0
2025-08-29,600519.SH,,0.09727401127890473,6.0
2025-08-29,601398.SH,,0.03096290192188256,7.0
2025-08-29,600030.SH,,0.01930504268880838,8.0
2025-08-29,600809.SH,,0.007487558280084891,9.0
2025-08-29,002415.SZ,,-0.0454227813494745,10.0
2025-08-29,601318.SH,,-0.10686037374656195,11.0
2025-08-29,002594.SZ,,-0.18485325933483202,12.0
2025-08-29,600036.SH,,-0.28808647538673593,13.0
2025-08-29,600585.SH,,-0.2908306548511868,14.0
2025-08-29,000858.SZ,,-0.4064105318981491,15.0
2025-08-29,601166.SH,,-0.4534737534841807,16.0
2025-08-29,000568.SZ,,-0.6292184159751061,17.0
2025-08-29,601888.SH,,-0.6959935486307975,18.0
2025-08-29,000001.SZ,,-0.7176725082983771,19.0
2025-08-29,300750.SZ,,-2.0171389170227507,20.0
2025-09-05,600809.SH,,1.6603346292213756,1.0
2025-09-05,000568.SZ,,1.415411771287219,2.0
2025-09-05,000858.SZ,,1.3052631050952301,3.0
2025-09-05,600519.SH,,0.9356158733720656,4.0
2025-09-05,000333.SZ,,0.7111748027111896,5.0
2025-09-05,002415.SZ,,0.5718614305650447,6.0
2025-09-05,601318.SH,,0.4057714113938845,7.0
2025-09-05,600585.SH,,-0.059203645654690155,8.0
2025-09-05,603259.SH,,-0.07878757291179653,9.0
2025-09-05,600030.SH,,-0.12874829347381353,10.0
2025-09-05,002594.SZ,,-0.2138335561771752,11.0
2025-09-05,601398.SH,,-0.26002950019096965,12.0
2025-09-05,300750.SZ,,-0.3108465850772541,13.0
2025-09-05,601888.SH,,-0.3295795189725293,14.0
2025-09-05,000001.SZ,,-0.33832826117393655,15.0
2025-09-05,600900.SH,,-0.3681535807075375,16.0
2025-09-05,600036.SH,,-0.4039418666930526,17.0
2025-09-05,601166.SH,,-0.729848492234264,18.0
2025-09-05,600276.SH,,-1.6325485137346842,19.0
2025-09-05,601012.SH,,-2.1515836366443057,20.0
2025-09-12,300750.SZ,,3.0600610064402356,1.0
2025-09-12,603259.SH,,1.1857123118924582,2.0
2025-09-12,600276.SH,,0.8142348031042892,3.0
2025-09-12,601012.SH,,0.7118975485423891,4.0
2025-09-12,002594.SZ,,0.5076321680634778,5.0
2025-09-12,600809.SH,,0.31920941776772915,6.0
2025-09-12,000568.SZ,,0.1204042068932126,7.0
2025-09-12,000858.SZ,,0.04497852597744228,8.0
2025-09-12,000333.SZ,,-0.09088922518227058,9.0
2025-09-12,002415.SZ,,-0.2380211850281974,10.0
2025-09-12,600585.SH,,-0.24369387170660153,11.0
2025-09-12,600519.SH,,-0.28576225926938836,12.0
2025-09-12,600900.SH,,-0.36295160876037846,13.0
2025-09-12,601398.SH,,-0.398328882318011,14.0
2025-09-12,601318.SH,,-0.6760698218076197,15.0
2025-09-12,600036.SH,,-0.7177878673519761,16.0
2025-09-12,000001.SZ,,-0.7493769049518867,17.0
2025-09-12,601888.SH,,-0.8137619078588243,18.0
2025-09-12,600030.SH,,-0.944054162476567,19.0
2025-09-12,601166.SH,,-1.2434322919695138,20.0
2025-09-19,300750.SZ,,2.4702089423791396,1.0
2025-09-19,600276.SH,,2.2745670526116255,2.0
2025-09-19,603259.SH,,0.8384910634258913,3.0
2025-09-19,601012.SH,,0.23108621416549918,4.0
2025-09-19,601166.SH,,0.028222661254682965,5.0
2025-09-19,002415.SZ,,0.005231884727337745,6.0
2025-09-19,000333.SZ,,-0.00824532512663411,7.0
2025-09-19,601398.SH,,-0.06953392511575773,8.0
2025-09-19,600036.SH,,-0.13578812755197867,9.0
2025-09-19,600030.SH,,-0.14790416969507192,10.0
2025-09-19,000568.SZ,,-0.17495290389080553,11.0
2025-09-19,600585.SH,,-0.23228918940303006,12.0
2025-09-19,002594.SZ,,-0.26923324472063903,13.0
2025-09-19,601318.SH,,-0.2829806145378489,14.0
2025-09-19,600900.SH,,-0.3557418770512366,15.0
2025-09-19,000858.SZ,,-0.49473852641086274,16.0
2025-09-19,600519.SH,,-0.5600743614156325,17.0
2025-09-19,000001.SZ,,-0.6055284000657919,18.0
2025-09-19,600809.SH,,-0.7220283508071251,19.0
2025-09-19,601888.SH,,-1.7887688027717616,20.0
2025-09-26,300750.SZ,,2.3831892054571915,1.0
2025-09-26,603259.SH,,1.3163990874855238,2.0
2025-09-26,002415.SZ,,1.1248255066697,3.0
2025-09-26,601888.SH,,0.9010944251411396,4.0
2025-09-26,601012.SH,,0.7207142431768726,5.0
2025-09-26,600030.SH,,0.5356717198072541,6.0
2025-09-26,002594.SZ,,0.5168977869937484,7.0
2025-09-26,600276.SH,,0.36891350099855436,8.0
2025-09-26,600585.SH,,-0.18291519737404902,9.0
2025-09-26,600900.SH,,-0.19142623996268432,10.0
2025-09-26,601398.SH,,-0.1933392524424619,11.0
2025-09-26,601318.SH,,-0.24358502474688679,12.0
2025-09-26,000001.SZ,,-0.3652531162006546,13.0
2025-09-26,000333.SZ,,-0.451379146783032,14.0
2025-09-26,600036.SH,,-0.7731595122078381,15.0
2025-09-26,600519.SH,,-0.869773533832685,16.0
2025-09-26,000858.SZ,,-0.9194538515491031,17.0
2025-09-26,000568.SZ,,-1.199740032329192,18.0
2025-09-26,601166.SH,,-1.2238127577396127,19.0
2025-09-26,600809.SH,,-1.2538678105617849,20.0
2025-10-13,601012.SH,,2.755152374632477,1.0
2025-10-13,601166.SH,,0.8660344611277049,2.0
2025-10-13,000001.SZ,,0.6905202090326159,3.0
2025-10-13,601398.SH,,0.41472131696246245,4.0
2025-10-13,600036.SH,,0.3264303471145479,5.0
2025-10-13,601318.SH,,0.31022562016838806,6.0
2025-10-13,000568.SZ,,0.13680507739356046,7.0
2025-10-13,601888.SH,,0.11509591109185768,8.0
2025-10-13,600900.SH,,0.01128143874372399,9.0
2025-10-13,002594.SZ,,-0.04077455714310863,10.0
2025-10-13,600585.SH,,-0.04738802933033451,11.0
2025-10-13,000333.SZ,,-0.0645897637723645,12.0
2025-10-13,000858.SZ,,-0.21102286909389625,13.0
2025-10-13,600519.SH,,-0.3919609054823512,14.0
2025-10-13,600809.SH,,-0.4338897141040169,15.0
2025-10-13,600030.SH,,-0.45356129065613165,16.0
2025-10-13,600276.SH,,-0.48272064061719977,17.0
2025-10-13,603259.SH,,-0.6758757905115007,18.0
2025-10-13,300750.SZ,,-1.1036529918925926,19.0
2025-10-13,002415.SZ,,-1.7208302036638408,20.0
2025-10-20,300750.SZ,,2.1394476277364096,1.0
2025-10-20,603259.SH,,1.8566265466215541,2.0
2025-10-20,601398.SH,,0.7890962090763993,3.0
2025-10-20,601318.SH,,0.7296329477975612,4.0
2025-10-20,600030.SH,,0.4125104457168591,5.0
2025-10-20,000001.SZ,,0.26062202101872634,6.0
2025-10-20,601888.SH,,0.06097144235556687,7.0
2025-10-20,002594.SZ,,0.02197742539904908,8.0
2025-10-20,601166.SH,,-0.042133181113812514,9.0
2025-10-20,600036.SH,,-0.07578708389613377,10.0
2025-10-20,002415.SZ,,-0.0985561589991164,11.0
2025-10-20,600276.SH,,-0.11826770123128598,12.0
2025-10-20,600900.SH,,-0.15272201444229344,13.0
2025-10-20,000333.SZ,,-0.270005026962616,14.0
2025-10-20,000858.SZ,,-0.4116380604318989,15.0
2025-10-20,600585.SH,,-0.5327272083367313,16.0
2025-10-20,000568.SZ,,-0.5543827375767126,17.0
2025-10-20,600519.SH,,-0.7846004614423199,18.0
2025-10-20,600809.SH,,-1.523760614937859,19.0
2025-10-20,601012.SH,,-1.706304416351346,20.0
2025-10-27,601012.SH,,2.9745230827769427,1.0
2025-10-27,300750.SZ,,0.9624136609592802,2.0
2025-10-27,002415.SZ,,0.846953075820339,3.0
2025-10-27,601888.SH,,0.7772005826354498,4.0
2025-10-27,600030.SH,,0.38169333884913137,5.0
2025-10-27,601318.SH,,0.09737251795751023,6.0
2025-10-27,603259.SH,,0.08984984339120208,7.0
2025-10-27,000568.SZ,,0.04737711958342246,8.0
2025-10-27,000001.SZ,,-0.1398283285235132,9.0
2025-10-27,601398.SH,,-0.15638004401716993,10.0
2025-10-27,000333.SZ,,-0.19331334243579115,11.0
2025-10-27,600585.SH,,-0.2287867073408839,12.0
2025-10-27,600519.SH,,-0.3893897271940686,13.0
2025-10-27,600900.SH,,-0.4692616656281727,14.0
2025-10-27,601166.SH,,-0.5026813199406566,15.0
2025-10-27,600276.SH,,-0.5214185304269833,16.0
2025-10-27,000858.SZ,,-0.7141750332340439,17.0
2025-10-27,600036.SH,,-0.7259541924297603,18.0
2025-10-27,002594.SZ,,-0.7400522254468275,19.0
2025-10-27,600809.SH,,-1.3961421053554068,20.0
2025-11-03,300750.SZ,,1.9215009262310452,1.0
2025-11-03,601398.SH,,1.578361777014873,2.0
2025-11-03,601012.SH,,1.4030919737124,3.0
2025-11-03,601166.SH,,0.6575314914392684,4.0
2025-11-03,000001.SZ,,0.40720941498890617,5.0
2025-11-03,000568.SZ,,0.40686445211273925,6.0
2025-11-03,601318.SH,,0.40159950980009335,7.0
2025-11-03,000333.SZ,,0.38489672375173817,8.0
2025-11-03,600036.SH,,0.3061145676336016,9.0
2025-11-03,600030.SH,,-0.04370541643452952,10.0
2025-11-03,600585.SH,,-0.32354809621165864,11.0
2025-11-03,600900.SH,,-0.4060194354217885,12.0
2025-11-03,000858.SZ,,-0.4313102456044913,13.0
2025-11-03,002415.SZ,,-0.5579957281709182,14.0
2025-11-03,600809.SH,,-0.6074945746291315,15.0
2025-11-03,603259.SH,,-0.6338468231301336,16.0
2025-11-03,600519.SH,,-0.7489416050549139,17.0
2025-11-03,002594.SZ,,-1.0801395281459267,18.0
2025-11-03,600276.SH,,-1.146007833542936,19.0
2025-11-03,601888.SH,,-1.488161550338238,20.0
2025-11-10,601888.SH,,2.4268056551156354,1.0
2025-11-10,300750.SZ,,1.1375785431861587,2.0
2025-11-10,601166.SH,,1.0807722552618642,3.0
2025-11-10,601398.SH,,0.7243401344468834,4.0
2025-11-10,601318.SH,,0.6117534803846999,5.0
2025-11-10,000001.SZ,,0.6012764999353,6.0
2025-11-10,600585.SH,,0.2328264441585371,7.0
2025-11-10,600036.SH,,0.23267139923591332,8.0
2025-11-10,000858.SZ,,0.14350013345914345,9.0
2025-11-10,000333.SZ,,-0.11214342251294368,10.0
2025-11-10,600519.SH,,-0.35845889698499334,11.0
2025-11-10,603259.SH,,-0.41384321583778944,12.0
2025-11-10,600900.SH,,-0.47824654469441896,13.0
2025-11-10,600276.SH,,-0.48086632131547935,14.0
2025-11-10,002594.SZ,,-0.6356707763254839,15.0
2025-11-10,600030.SH,,-0.7159288867044634,16.0
2025-11-10,000568.SZ,,-0.7390323446950229,17.0
2025-11-10,600809.SH,,-0.7690489664688818,18.0
2025-11-10,002415.SZ,,-1.0799645570315919,19.0
2025-11-10,601012.SH,,-1.4083206126130672,20.0
2025-11-17,000001.SZ,,1.0747585117114622,1.0
2025-11-17,000858.SZ,,1.0735813240700938,2.0
2025-11-17,000333.SZ,,1.0185511793531372,3.0
2025-11-17,601012.SH,,0.9966888508014383,4.0
2025-11-17,601166.SH,,0.9134491612033032,5.0
2025-11-17,601398.SH,,0.8433441798463134,6.0
2025-11-17,600036.SH,,0.7208083720769656,7.0
2025-11-17,000568.SZ,,0.692041748897293,8.0
2025-11-17,600585.SH,,0.22131480954077265,9.0
2025-11-17,600519.SH,,0.04806718091666118,10.0
2025-11-17,600809.SH,,-0.0469762114067338,11.0
2025-11-17,601318.SH,,-0.14403547640242648,12.0
2025-11-17,600900.SH,,-0.2364027619042968,13.0
2025-11-17,600030.SH,,-0.5341232913395894,14.0
2025-11-17,002594.SZ,,-0.7382802021452987,15.0
2025-11-17,600276.SH,,-0.8736435642647757,16.0
2025-11-17,300750.SZ,,-0.9194470690706872,17.0
2025-11-17,603259.SH,,-1.1129074808128312,18.0
2025-11-17,002415.SZ,,-1.162842393925614,19.0
2025-11-17,601888.SH,,-1.8339468671451868,20.0
2025-11-24,600809.SH,,1.1587637236933408,1.0
2025-11-24,000333.SZ,,1.0642584012741172,2.0
2025-11-24,300750.SZ,,0.9826382196840788,3.0
2025-11-24,600036.SH,,0.8524983123616734,4.0
2025-11-24,000001.SZ,,0.5986370415854674,5.0
2025-11-24,600585.SH,,0.5258073129106283,6.0
2025-11-24,000858.SZ,,0.42315820336212934,7.0
2025-11-24,000568.SZ,,0.4001507651659343,8.0
2025-11-24,603259.SH,,0.24118376708600825,9.0
2025-11-24,600276.SH,,0.20985576242375897,10.0
2025-11-24,601398.SH,,0.19807462010339036,11.0
2025-11-24,601166.SH,,0.14778123484510916,12.0
2025-11-24,601888.SH,,0.05738039869647691,13.0
2025-11-24,600900.SH,,-0.10399118750503877,14.0
2025-11-24,002594.SZ,,-0.1697212552509069,15.0
2025-11-24,600519.SH,,-0.6497647659064546,16.0
2025-11-24,601318.SH,,-0.8232856120283161,17.0
2025-11-24,600030.SH,,-1.1512475443945211,18.0
2025-11-24,601012.SH,,-1.6297932388175687,19.0
2025-11-24,002415.SZ,,-2.3323841592893078,20.0
2025-12-01,601318.SH,,1.787348860145034,1.0
2025-12-01,000333.SZ,,1.7132308595026462,2.0
2025-12-01,002594.SZ,,0.9979118158821935,3.0
2025-12-01,600276.SH,,0.9650443718956336,4.0
2025-12-01,600036.SH,,0.6736064331173598,5.0
2025-12-01,300750.SZ,,0.34324090414786773,6.0
2025-12-01,000858.SZ,,0.305085458529106,7.0
2025-12-01,601166.SH,,0.2834070045402632,8.0
2025-12-01,601398.SH,,0.07235158080076742,9.0
2025-12-01,600900.SH,,0.050431723595359246,10.0
2025-12-01,601012.SH,,-0.20615684451391322,11.0
2025-12-01,600585.SH,,-0.2319050040145319,12.0
2025-12-01,000568.SZ,,-0.49054930722817097,13.0
2025-12-01,600519.SH,,-0.6328502900637061,14.0
2025-12-01,601888.SH,,-0.7266753183829031,15.0
2025-12-01,000001.SZ,,-0.7677376562311334,16.0
2025-12-01,603259.SH,,-0.796368735918263,17.0
2025-12-01,600030.SH,,-0.8557927829838183,18.0
2025-12-01,002415.SZ,,-0.9011513238563401,19.0
2025-12-01,600809.SH,,-1.5824717489634506,20.0
2025-12-08,600809.SH,,2.022835349315594,1.0
2025-12-08,603259.SH,,1.8389383942936623,2.0
2025-12-08,601888.SH,,1.1193130594680414,3.0
2025-12-08,601318.SH,,0.8954844951709273,4.0
2025-12-08,000333.SZ,,0.3675451902763759,5.0
2025-12-08,000568.SZ,,0.36089114222879126,6.0
2025-12-08,300750.SZ,,0.21313578264542288,7.0
2025-12-08,000858.SZ,,0.16976950671487828,8.0
2025-12-08,002415.SZ,,0.10523807835355473,9.0
2025-12-08,600276.SH,,0.06635770905839118,10.0
2025-12-08,600030.SH,,0.02408783021186152,11.0
2025-12-08,600585.SH,,-0.4967102279313371,12.0
2025-12-08,601398.SH,,-0.5526011829482785,13.0
2025-12-08,002594.SZ,,-0.5619997843966221,14.0
2025-12-08,000001.SZ,,-0.6472818030412042,15.0
2025-12-08,600519.SH,,-0.7499137741759034,16.0
2025-12-08,600900.SH,,-0.808384506538681,17.0
2025-12-08,600036.SH,,-1.0281651526780429,18.0
2025-12-08,601012.SH,,-1.0531704446237269,19.0
2025-12-08,601166.SH,,-1.2853696614037053,20.0
2025-12-15,601318.SH,,1.4914318967341904,1.0
2025-12-15,000333.SZ,,1.307758287540164,2.0
2025-12-15,600276.SH,,1.1245774353860676,3.0
2025-12-15,600519.SH,,0.787904755429362,4.0
2025-12-15,600585.SH,,0.7228948244487731,5.0
2025-12-15,002415.SZ,,0.5767801592049002,6.0
2025-12-15,603259.SH,,0.4389536019425978,7.0
2025-12-15,000858.SZ,,0.3067820282952126,8.0
2025-12-15,600030.SH,,0.09032629409228564,9.0
2025-12-15,600809.SH,,-0.0930781852558838,10.0
2025-12-15,000001.SZ,,-0.1394950646528685,11.0
2025-12-15,601398.SH,,-0.16359457706078762,12.0
2025-12-15,601166.SH,,-0.20410677006619743,13.0
2025-12-15,000568.SZ,,-0.21825000737392172,14.0
2025-12-15,600036.SH,,-0.32646208656633313,15.0
2025-12-15,600900.SH,,-0.5241718870480314,16.0
2025-12-15,601012.SH,,-0.9190816474299099,17.0
2025-12-15,601888.SH,,-0.9190913843506802,18.0
2025-12-15,002594.SZ,,-1.0706119669697085,19.0
2025-12-15,300750.SZ,,-2.2694657062992305,20.0
2025-12-22,601318.SH,,1.8719197885124994,1.0
2025-12-22,002594.SZ,,1.3303857142935474,2.0
2025-12-22,601888.SH,,1.3087150421670544,3.0
2025-12-22,601012.SH,,1.3019835560317166,4.0
2025-12-22,600276.SH,,0.8284426092008075,5.0
2025-12-22,600030.SH,,0.5241535260656498,6.0
2025-12-22,000858.SZ,,0.4037755782443903,7.0
2025-12-22,300750.SZ,,0.10286743120923973,8.0
2025-12-22,603259.SH,,-0.24691784523566426,9.0
2025-12-22,600519.SH,,-0.40335150172894074,10.0
2025-12-22,601166.SH,,-0.4290716344626569,11.0
2025-12-22,601398.SH,,-0.46918744739714036,12.0
2025-12-22,000333.SZ,,-0.5028020960541885,13.0
2025-12-22,600036.SH,,-0.5358549937292465,14.0
2025-12-22,002415.SZ,,-0.5988554585697979,15.0
2025-12-22,600585.SH,,-0.6147349499647671,16.0
2025-12-22,000001.SZ,,-0.6600064506542509,17.0
2025-12-22,000568.SZ,,-0.8181519949846765,18.0
2025-12-22,600809.SH,,-1.179409047294789,19.0
2025-12-22,600900.SH,,-1.2138998256487863,20.0
2025-12-29,601888.SH,,2.4024688303698833,1.0
2025-12-29,002594.SZ,,1.869794363534642,2.0
2025-12-29,601318.SH,,0.7314190830087196,3.0
2025-12-29,603259.SH,,0.7043259451971585,4.0
2025-12-29,300750.SZ,,0.622052640362329,5.0
2025-12-29,600276.SH,,0.5498497907187919,6.0
2025-12-29,600030.SH,,0.18183784498192032,7.0
2025-12-29,002415.SZ,,-0.02620322057672874,8.0
2025-12-29,600036.SH,,-0.13274585072748807,9.0
2025-12-29,000333.SZ,,-0.21086637756626614,10.0
2025-12-29,600585.SH,,-0.34401525792294535,11.0
2025-12-29,601398.SH,,-0.3465622109887961,12.0
2025-12-29,601012.SH,,-0.41593925249611446,13.0
2025-12-29,000001.SZ,,-0.5575100187594338,14.0
2025-12-29,600519.SH,,-0.6130079763965437,15.0
2025-12-29,000858.SZ,,-0.6130895217345452,16.0
2025-12-29,600900.SH,,-0.6297615486276087,17.0
2025-12-29,600809.SH,,-0.8554505915425902,18.0
2025-12-29,601166.SH,,-1.0505020495201902,19.0
2025-12-29,000568.SZ,,-1.2660946213141953,20.0
2026-01-07,601012.SH,,1.3278307808295684,1.0
2026-01-07,603259.SH,,1.2631415318321235,2.0
2026-01-07,600809.SH,,1.25423974716571,3.0
2026-01-07,000858.SZ,,0.78271890456883,4.0
2026-01-07,601318.SH,,0.6861715074361538,5.0
2026-01-07,002594.SZ,,0.6796234595476573,6.0
2026-01-07,600585.SH,,0.45874327709306284,7.0
2026-01-07,000001.SZ,,0.16919829250735927,8.0
2026-01-07,002415.SZ,,0.13055255327037205,9.0
2026-01-07,601888.SH,,-0.060976326420646196,10.0
2026-01-07,601398.SH,,-0.0736420453957386,11.0
2026-01-07,600900.SH,,-0.0774643990522247,12.0
2026-01-07,000568.SZ,,-0.18477165114137725,13.0
2026-01-07,600036.SH,,-0.2697962106718969,14.0
2026-01-07,000333.SZ,,-0.4974906539038954,15.0
2026-01-07,600030.SH,,-0.5292097022966765,16.0
2026-01-07,601166.SH,,-0.7176878448934744,17.0
2026-01-07,600519.SH,,-0.783210090911526,18.0
2026-01-07,300750.SZ,,-1.2616132218360803,19.0
2026-01-07,600276.SH,,-2.2963579077273004,20.0
2026-01-14,000333.SZ,,1.1211492982445193,1.0
2026-01-14,600519.SH,,1.0993782912208268,2.0
2026-01-14,603259.SH,,0.975864387948532,3.0
2026-01-14,000001.SZ,,0.8041837509242966,4.0
2026-01-14,600585.SH,,0.7095326957467321,5.0
2026-01-14,002594.SZ,,0.5924743572381741,6.0
2026-01-14,600030.SH,,0.5859989712968577,7.0
2026-01-14,002415.SZ,,0.40808107265363874,8.0
2026-01-14,601888.SH,,0.3721242741828398,9.0
2026-01-14,600036.SH,,0.24142070110034217,10.0
2026-01-14,601398.SH,,-0.043285262944830455,11.0
2026-01-14,600276.SH,,-0.2586573017400201,12.0
2026-01-14,601318.SH,,-0.29374028694849974,13.0
2026-01-14,300750.SZ,,-0.40966081425231,14.0
2026-01-14,601166.SH,,-0.5954114698715018,15.0
2026-01-14,600900.SH,,-0.6082316500274239,16.0
2026-01-14,000858.SZ,,-0.6197589892926294,17.0
2026-01-14,600809.SH,,-0.8924434265676578,18.0
2026-01-14,000568.SZ,,-1.39765544005574,19.0
2026-01-14,601012.SH,,-1.7913631588561463,20.0
2026-01-21,601012.SH,,2.322564392201609,1.0
2026-01-21,603259.SH,,1.3329125183694028,2.0
2026-01-21,600585.SH,,0.9991098296494956,3.0
2026-01-21,601398.SH,,0.7235468768159952,4.0
2026-01-21,601888.SH,,0.6456771237128596,5.0
2026-01-21,600030.SH,,0.37162776953820564,6.0
2026-01-21,002594.SZ,,0.2747096654323111,7.0
2026-01-21,000001.SZ,,0.08895878899781898,8.0
2026-01-21,000333.SZ,,0.06441734476015341,9.0
2026-01-21,002415.SZ,,-0.33312198459409587,10.0
2026-01-21,600900.SH,,-0.44833893087259974,11.0
2026-01-21,600519.SH,,-0.5318755781071556,12.0
2026-01-21,600036.SH,,-0.5329185883764687,13.0
2026-01-21,601318.SH,,-0.5490499738195967,14.0
2026-01-21,000858.SZ,,-0.5668144004582198,15.0
2026-01-21,000568.SZ,,-0.5933900044502606,16.0
2026-01-21,601166.SH,,-0.6080370061700574,17.0
2026-01-21,600809.SH,,-0.6731598542509599,18.0
2026-01-21,600276.SH,,-0.7521364339910036,19.0
2026-01-21,300750.SZ,,-1.2346815543874337,20.0
2026-01-28,600519.SH,,2.133056882929569,1.0
2026-01-28,600809.SH,,1.8054738240149897,2.0
2026-01-28,000858.SZ,,1.2698699758861411,3.0
2026-01-28,000568.SZ,,0.9987388223102367,4.0
2026-01-28,601318.SH,,0.5215194582327742,5.0
2026-01-28,300750.SZ,,-0.02631791992952017,6.0
2026-01-28,600036.SH,,-0.044647848916569643,7.0
2026-01-28,600030.SH,,-0.11429068691603542,8.0
2026-01-28,002415.SZ,,-0.23233983108789658,9.0
2026-01-28,600900.SH,,-0.24123977750617914,10.0
2026-01-28,002594.SZ,,-0.2787198545346984,11.0
2026-01-28,600585.SH,,-0.28726897123362105,12.0
2026-01-28,601398.SH,,-0.2967013821969983,13.0
2026-01-28,000001.SZ,,-0.31529502481207466,14.0
2026-01-28,000333.SZ,,-0.3547287952902677,15.0
2026-01-28,601888.SH,,-0.4777303837413038,16.0
2026-01-28,600276.SH,,-0.5461583007928051,17.0
2026-01-28,601012.SH,,-0.8391222419093498,18.0
2026-01-28,601166.SH,,-1.18881874946536,19.0
2026-01-28,603259.SH,,-1.4852791950410307,20.0
2026-02-04,300750.SZ,,1.7761673541441505,1.0
2026-02-04,601888.SH,,1.100144423765092,2.0
2026-02-04,600519.SH,,1.07178351688269,3.0
2026-02-04,002594.SZ,,1.027009268293068,4.0
2026-02-04,603259.SH,,1.0111662301107434,5.0
2026-02-04,000333.SZ,,0.5075631658869496,6.0
2026-02-04,601318.SH,,0.2033029721736686,7.0
2026-02-04,600276.SH,,0.1416152373870095,8.0
2026-02-04,600030.SH,,0.12245873325856985,9.0
2026-02-04,601398.SH,,-0.045887457442837426,10.0
2026-02-04,600036.SH,,-0.04725992432961443,11.0
2026-02-04,601166.SH,,-0.20588710578004055,12.0
2026-02-04,000001.SZ,,-0.25732332500359967,13.0
2026-02-04,600900.SH,,-0.2911155683996228,14.0
2026-02-04,600585.SH,,-0.6616555514359369,15.0
2026-02-04,000858.SZ,,-0.7999402052177127,16.0
2026-02-04,002415.SZ,,-0.8084534170338726,17.0
2026-02-04,600809.SH,,-0.9315605725306556,18.0
2026-02-04,000568.SZ,,-1.033099511083312,19.0
2026-02-04,601012.SH,,-1.879028263644738,20.0
2026-02-11,600585.SH,,1.6769557194109528,1.0
2026-02-11,300750.SZ,,0.8250922880444445,2.0
2026-02-11,002415.SZ,,0.7628141209657081,3.0
2026-02-11,000333.SZ,,0.6966902112044605,4.0
2026-02-11,603259.SH,,0.5855780542450704,5.0
2026-02-11,601012.SH,,0.2861158931264743,6.0
2026-02-11,600809.SH,,0.17874582235678838,7.0
2026-02-11,600276.SH,,0.12687137883539729,8.0
2026-02-11,600036.SH,,0.12421908343327226,9.0
2026-02-11,600030.SH,,0.10578186753508387,10.0
2026-02-11,002594.SZ,,0.10423354341312167,11.0
2026-02-11,601318.SH,,0.05181698439866225,12.0
2026-02-11,601398.SH,,-0.08424785841146878,13.0
2026-02-11,000001.SZ,,-0.1130038989876294,14.0
2026-02-11,601166.SH,,-0.18201865726894023,15.0
2026-02-11,600900.SH,,-0.20136461454254165,16.0
2026-02-11,000858.SZ,,-0.29347922004661897,17.0
2026-02-11,000568.SZ,,-0.7525076146213675,18.0
2026-02-11,600519.SH,,-0.7869488785747364,19.0
2026-02-11,601888.SH,,-3.111344224516134,20.0
2026-02-26,002594.SZ,,2.1958488701474037,1.0
2026-02-26,000333.SZ,,0.7954088685877374,2.0
2026-02-26,000001.SZ,,0.6497804615989644,3.0
2026-02-26,601166.SH,,0.6225150934052852,4.0
2026-02-26,600900.SH,,0.6107757004661956,5.0
2026-02-26,600036.SH,,0.579722315481884,6.0
2026-02-26,600585.SH,,0.4077853038582395,7.0
2026-02-26,601318.SH,,0.27866163713027625,8.0
2026-02-26,002415.SZ,,0.25821493311641364,9.0
2026-02-26,603259.SH,,0.208928952801777,10.0
2026-02-26,601398.SH,,0.16698679537793173,11.0
2026-02-26,300750.SZ,,0.16051207527779046,12.0
2026-02-26,600030.SH,,0.15826741570993236,13.0
2026-02-26,601012.SH,,-0.08997751576119142,14.0
2026-02-26,600276.SH,,-0.25516289075376264,15.0
2026-02-26,600809.SH,,-0.7923321548303681,16.0
2026-02-26,600519.SH,,-1.3253595392961919,17.0
2026-02-26,000858.SZ,,-1.4929770652893097,18.0
2026-02-26,601888.SH,,-1.5459164097016411,19.0
2026-02-26,000568.SZ,,-1.5916828473273663,20.0
2026-03-05,601012.SH,,1.921013021442098,1.0
2026-03-05,300750.SZ,,1.1895558967020166,2.0
2026-03-05,002594.SZ,,0.9975614020682839,3.0
2026-03-05,601888.SH,,0.8771265626576706,4.0
2026-03-05,002415.SZ,,0.8347156301623285,5.0
2026-03-05,600809.SH,,0.44312363629349855,6.0
2026-03-05,000568.SZ,,0.4394045665522391,7.0
2026-03-05,600276.SH,,0.3268728151661485,8.0
2026-03-05,600585.SH,,0.29017993227925937,9.0
2026-03-05,601318.SH,,0.04131189577045985,10.0
2026-03-05,603259.SH,,-0.025107450360948646,11.0
2026-03-05,601398.SH,,-0.30683288804619935,12.0
2026-03-05,600036.SH,,-0.4582387810374368,13.0
2026-03-05,600900.SH,,-0.5279242421910842,14.0
2026-03-05,600030.SH,,-0.532862418571712,15.0
2026-03-05,601166.SH,,-0.6485100148060803,16.0
2026-03-05,000333.SZ,,-0.7879549249664245,17.0
2026-03-05,600519.SH,,-0.9109134821945367,18.0
2026-03-05,000001.SZ,,-1.1359512463541246,19.0
2026-03-05,000858.SZ,,-2.0265699105654553,20.0
